{"cameraMode":{"drawMode":0,"name":"Shaded","section":"Shading Mode"},"sceneLighting":true,"audioPlay":false,"sceneViewState":{"showFog":true,"showMaterialUpdate":false,"showSkybox":true,"showFlares":true,"showImageEffects":true,"showParticleSystems":true},"in2DMode":false,"pivot":{"x":-25.045101165771486,"y":-16.25480079650879,"z":16.054214477539064},"rotation":{"x":-0.28180742263793948,"y":0.20716486871242524,"z":-0.062453493475914,"w":-0.9347608089447022},"size":29.716426849365236,"orthographic":false}